{
  "project_info": {
    "project_number": "547952013499",
    "project_id": "spendwisely-c9f96",
    "storage_bucket": "spendwisely-c9f96.appspot.com"
  },
  "client": [
    {
      "client_info": {
        "mobilesdk_app_id": "1:547952013499:android:65ab48406112a85dba799e",
        "android_client_info": {
          "package_name": "com.example.flutter_application_1"
        }
      },
      "oauth_client": [
        {
          "client_id": "547952013499-96butnncf2qvvha94f6oeli1r8ppkdoi.apps.googleusercontent.com",
          "client_type": 3
        }
      ],
      "api_key": [
        {
          "current_key": "AIzaSyAd5_o7rVpZdXXPh6DG-Iwd9qTynvGTlfc"
        }
      ],
      "services": {
        "appinvite_service": {
          "other_platform_oauth_client": [
            {
              "client_id": "547952013499-96butnncf2qvvha94f6oeli1r8ppkdoi.apps.googleusercontent.com",
              "client_type": 3
            }
          ]
        }
      }
    }
  ],
  "configuration_version": "1"
}